,cso_1,cso_20,cso_2a,cso_21a,cso_10,cso_21b,cso_2b,obj_fun_sum,spill_sum
05/06 12:30,1.932,17.837,45.733,3.633,0.0,0.029088,0.3402799999999999,69.50436799999999,232.45999999999995
05/06 13:18,1.94,17.1,45.226,2.954,0.0,0.024368,0.345214,67.58958200000002,230.11399999999995
05/06 13:33,10.549,21.932,18.469,1.111,0.0,0.018903999999999997,0.281356,52.361259999999994,187.787
