,cso_1,cso_20,cso_2a,cso_21a,cso_10,cso_21b,cso_2b,obj_fun_sum,spill_sum
05/06 10:11,80.937,26.137999999999998,118.281,7.220000000000001,13.904,0.012967999999999999,0.038414,246.53138199999998,211.22300000000004
