,cso_1,cso_20,cso_2a,cso_21a,cso_10,cso_21b,cso_2b,obj_fun_sum,spill_sum
03/06 23:02,10.844000000000001,11.508,23.637,4.127000000000001,0.0,0.03151,0.14250400000000002,50.290014,120.91199999999999
