,cso_1,cso_20,cso_2a,cso_21a,cso_10,cso_21b,cso_2b,obj_fun_sum,spill_sum
03/06 21:44,49.4,28.595,200.816,16.986,10.044,0.0014620000000000002,0.013416,305.8558779999999,241.69799999999998
