,cso_1,cso_20,cso_2a,cso_21a,cso_10,cso_21b,cso_2b,obj_fun_sum,spill_sum
28/05 15:11,53.497,23.153,158.51099999999997,12.905,27.332,0.00126,0.011938,275.41119799999996,268.33099999999996
