,cso_1,cso_20,cso_2a,cso_21a,cso_10,cso_21b,cso_2b,obj_fun_sum,spill_sum
05/06 12:30,1.932,17.837,45.733,3.633,0.0,0.029088,0.3402799999999999,69.50436799999999,232.45999999999995
05/06 12:45,0.468,11.798,29.436,2.092,0.0,0.007866,0.094814,43.89668,73.237
05/06 12:48,0.468,11.803,29.436,2.092,0.0,0.012672,0.16993,43.981602,113.203
05/06 12:49,1.94,16.436,45.226,2.954,0.0,0.019734,0.27656,66.852294,192.806
05/06 12:50,1.94,17.1,45.226,2.954,0.0,0.023014,0.327768,67.57078200000001,220.71399999999997
05/06 12:50,1.94,17.1,45.226,2.954,0.0,0.024368,0.345214,67.58958200000002,230.11399999999995
