,cso_1,cso_20,cso_2a,cso_21a,cso_10,cso_21b,cso_2b,obj_fun_sum,spill_sum
03/06 17:59,95.23100000000001,26.144,123.33100000000002,9.989,13.904,0.008181999999999998,0.038414,268.645596,228.128
