,cso_1,cso_20,cso_2a,cso_21a,cso_10,cso_21b,cso_2b,sum,spill_sum
26/05 16:12,16.488,22.561,23.317,4.916,0.0,0.048048,0.534806,67.864854,358.709
