,cso_1,cso_20,cso_2a,cso_21a,cso_10,cso_21b,cso_2b,sum,spill_sum,obj_fun_sum
17/06 19:38,30.011,17.038,41.841,2.191,0.0,0.00733,0.111544,,150.518,91.199874
17/06 20:04,16.852,19.601,26.896,5.227,0.248,0.016034,0.329094,,241.264,69.16912800000001
