,cso_1,cso_20,cso_2a,cso_21a,cso_10,cso_21b,cso_2b,sum,spill_sum,obj_fun_sum
17/06 19:38,30.011,17.038,41.841,2.191,0.0,0.00733,0.111544,,150.518,91.199874
17/06 20:04,16.852,19.601,26.896,5.227,0.248,0.016034,0.329094,,241.264,69.16912800000001
26/06 14:50,15.392,18.761,23.908,5.409,0.246,0.012718,0.441554,,290.729,64.170272
26/06 14:50,30.784,37.522,47.816,10.818,0.492,0.025436,0.883108,,581.458,128.340544
26/06 15:33,30.011,17.038,41.841,2.191,0.0,0.007330000000000001,0.111544,,150.518,91.199874
