,cso_1,cso_20,cso_2a,cso_21a,cso_10,cso_21b,cso_2b,sum
25/05 16:08,14.65,9.963,34.506,1.761,0.0,0.00328,0.056242,60.93952200000001
25/05 16:13,10.324,9.963,34.505,1.761,0.0,0.00328,0.056242,56.612522000000006
25/05 16:31,10.368,9.963,36.092,2.082,0.0,0.003348,0.056528,58.56487599999999
25/05 16:42,10.314,10.22,34.288000000000004,1.984,0.0,0.00333,0.05618,56.86550999999999
25/05 16:59,9.979,10.315,23.042,1.669,0.0,0.006078000000000001,0.10167000000000001,45.112747999999996
