,cso_1,cso_20,cso_2a,cso_21a,cso_10,cso_21b,cso_2b,sum
25/05 16:08,14.65,9.963,34.506,1.761,0.0,0.00328,0.056242,60.93952200000001
25/05 16:13,10.324,9.963000000000001,34.505,1.7610000000000001,0.0,0.00328,0.056242,56.612522000000006
