,cso_1,cso_20,cso_2a,cso_21a,cso_10,cso_21b,cso_2b,sum
25/05 16:08,14.65,9.963000000000001,34.506,1.7610000000000001,0.0,0.00328,0.056242,60.93952200000001
