,cso_1,cso_20,cso_2a,cso_21a,cso_10,cso_21b,cso_2b,sum
25/05 16:08,14.65,9.963,34.506,1.761,0.0,0.00328,0.056242,60.93952200000001
25/05 16:13,10.324,9.963,34.505,1.761,0.0,0.00328,0.056242,56.612522000000006
25/05 16:19,10.302,9.963000000000001,34.258,2.0250000000000004,0.0,0.0038000000000000004,0.056153999999999996,56.607954
