,cso_1,cso_20,cso_2a,cso_21a,cso_10,cso_21b,cso_2b,sum
25/05 16:08,14.65,9.963,34.506,1.761,0.0,0.00328,0.056242,60.93952200000001
25/05 16:13,10.324,9.963,34.505,1.761,0.0,0.00328,0.056242,56.612522000000006
25/05 16:31,10.367999999999999,9.963000000000001,36.092,2.082,0.0,0.0033480000000000003,0.05652800000000001,58.56487599999999
